<?xml version="1.0"?>
<ruleset name="PHPMD rule set for project" xmlns="http://pmd.sf.net/ruleset/1.0.0"
         xmlns:xsi="http://www.w3.org/2001/XMLSchema-instance"
         xsi:schemaLocation="http://pmd.sf.net/ruleset/1.0.0 http://pmd.sf.net/ruleset_xml_schema.xsd"
         xsi:noNamespaceSchemaLocation="http://pmd.sf.net/ruleset_xml_schema.xsd">
    <description>Custom rules for checking project LOVATA Group</description>
    <!--Code size rule set-->
    <rule ref="rulesets/codesize.xml/CyclomaticComplexity">
        <properties>
            <property name="reportLevel" value="10" />
            <property name="showClassesComplexity" value="true" />
            <property name="showMethodsComplexity" value="true" />
        </properties>
    </rule>
    <rule ref="rulesets/codesize.xml/NPathComplexity">
        <properties>
            <property name="minimum" value="200" />
        </properties>
    </rule>
    <rule ref="rulesets/codesize.xml/ExcessiveMethodLength">
        <properties>
            <property name="minimum" value="100" />
            <property name="ignore-whitespace" value="true" />
        </properties>
    </rule>
    <rule ref="rulesets/codesize.xml/ExcessiveClassLength">
        <properties>
            <property name="minimum" value="1000" />
            <property name="ignore-whitespace" value="true" />
        </properties>
    </rule>
    <rule ref="rulesets/codesize.xml/ExcessiveParameterList">
        <properties>
            <property name="minimum" value="8" />
        </properties>
    </rule>
    <rule ref="rulesets/codesize.xml/ExcessivePublicCount">
        <properties>
            <property name="minimum" value="45" />
        </properties>
    </rule>
    <rule ref="rulesets/codesize.xml/TooManyFields">
        <properties>
            <property name="maxfields" value="20" />
        </properties>
    </rule>
    <rule ref="rulesets/codesize.xml/TooManyMethods">
        <properties>
            <property name="maxmethods" value="25" />
            <property name="ignorepattern" value="(^(set|get))i" />
        </properties>
    </rule>
    <rule ref="rulesets/codesize.xml/TooManyPublicMethods">
        <properties>
            <property name="maxmethods" value="10" />
            <property name="ignorepattern" value="(^(set|get))i" />
        </properties>
    </rule>
    <rule ref="rulesets/codesize.xml/ExcessiveClassComplexity">
        <properties>
            <property name="maximum" value="50" />
        </properties>
    </rule>

    <!--Naming rules-->
    <rule ref="rulesets/naming.xml/ShortVariable">
        <properties>
            <property name="minimum" value="4" />
        </properties>
    </rule>
    <rule ref="rulesets/naming.xml/LongVariable">
        <properties>
            <property name="maximum" value="25" />
        </properties>
    </rule>
    <rule ref="rulesets/naming.xml/ShortMethodName">
        <properties>
            <property name="minimum" value="3" />
            <property name="exceptions" value="up" />
        </properties>
    </rule>
    <rule ref="rulesets/naming.xml/ConstructorWithNameAsEnclosingClass">
    </rule>
    <rule ref="rulesets/naming.xml/ConstantNamingConventions">
    </rule>
    <rule ref="rulesets/naming.xml/BooleanGetMethodName">
        <properties>
            <property name="checkParameterizedMethods" value="false" />
        </properties>
    </rule>
</ruleset>